<manifest><control namespace="contoso" constructor="excelexport" version="0.0.1" display-name-key="excelexport" description-key="excelexport description" control-type="standard" api-version="1.2.1"><property name="dataToExport" display-name-key="Property_Display_Key" description-key="Property_Desc_Key" of-type="SingleLine.Text" usage="bound" required="true" /><property name="ButtonText" display-name-key="Property_ButtonText" description-key="Property_ButtonText" of-type="SingleLine.Text" usage="bound" required="true" default-value="Export to Excel" /><property name="FileName" display-name-key="Property_FileName" description-key="Property_FileName" of-type="SingleLine.Text" usage="bound" required="true" default-value="exportResult" /><property name="ButtonHeight" display-name-key="Property_ButtonHeight" description-key="Property_ButtonHeight" of-type="SingleLine.Text" usage="bound" required="true" default-value="60" /><property name="TextColor" display-name-key="Property_TextColor" description-key="Property_TextColor" of-type="SingleLine.Text" usage="bound" required="true" default-value="white" /><property name="TextSize" display-name-key="Property_TextSize" description-key="Property_TextSize" of-type="SingleLine.Text" usage="bound" required="true" default-value="15px" /><property name="Font" display-name-key="Property_Font" description-key="Property_Font" of-type="SingleLine.Text" usage="bound" required="true" default-value="verdana" /><property name="BackgroundColor" display-name-key="Property_BackgroundColor" description-key="Property_BackgroundColor" of-type="SingleLine.Text" usage="bound" required="true" default-value="Purple" /><resources><code path="bundle.js" order="1" /></resources><built-by name="pac" version="1.0.6" /></control></manifest>